comuna,Población censada,latitud,longitud,region,cantidad_toneladas,residuos_per_capita
Arica,241653.0,-18.4754587,-70.31406901,Arica y Parinacota,273354.37215,1.1311855104219688
Putre,1547.0,-18.83694069,-69.0427804,Arica y Parinacota,31.6791,0.02047776341305753
Iquique,199587.0,-20.29499481,-70.1277879,Tarapacá,28440.963939,0.14249908029581085
Alto Hospicio,142086.0,-20.24893721,-70.09737505,Tarapacá,4506.210747,0.03171467102318314
Pozo Almonte,16878.0,-20.05762649,-69.2573269,Tarapacá,12412.635,0.7354328119445432
Huara,2858.0,-19.87941853,-69.86443756,Tarapacá,37.141,0.012995451364590621
Pica,6272.0,-20.98876896,-68.65651325,Tarapacá,43809.853,6.984989317602041
Antofagasta,401096.0,-23.51288949,-70.40188905,Antofagasta,734862.83452536,1.8321370308488742
Mejillones,14084.0,-23.09922444,-70.44974202,Antofagasta,508965.8007,36.13787281312128
Sierra Gorda,1472.0,-22.9815965,-69.71890676,Antofagasta,39481.39627,26.821600726902172
Taltal,12097.0,-25.40366862,-70.47501719,Antofagasta,9643.099,0.797147970571216
Calama,166334.0,-22.50702722,-68.93408842,Antofagasta,311168.04065,1.8707422454218618
Tocopilla,25400.0,-22.0928061,-70.2008246,Antofagasta,95787.5085,3.7711617519685037
María Elena,4834.0,-22.35344346,-69.592528,Antofagasta,5958.96481,1.2327192407943732
Copiapó,168831.0,-27.3632829,-70.34508046,Atacama,21501.3401,0.1273542187157572
Caldera,18805.0,-26.9124952,-70.81237559,Atacama,2945.1255,0.15661395905344325
Tierra Amarilla,11846.0,-27.8146489,-69.26254324,Atacama,18160.403,1.533040942090157
Chañaral,12345.0,-26.5392346,-70.3444497,Atacama,2065.781,0.16733746456055082
Diego de Almagro,11397.0,-26.237688,-69.5612646,Atacama,12935.339,1.134977537948583
Vallenar,54222.0,-28.98254497,-70.89343134,Atacama,2101.493,0.03875720187377817
Alto del Carmen,4788.0,-28.75892526,-70.48486677,Atacama,1151.36,0.2404678362573099
Freirina,7577.0,-28.50915726,-70.91935617,Atacama,148.628919,0.019615800316748054
Huasco,9369.0,-28.46860974,-71.25437653,Atacama,273047.07450000005,29.143673230867762
La Serena,250141.0,-29.9054771,-71.2629223,Coquimbo,18220.41646,0.07284058375076458
Coquimbo,263719.0,-29.95801517,-71.33766678,Coquimbo,25499.47747,0.09669184802763549
Andacollo,11566.0,-30.2528887,-71.08701007,Coquimbo,3163.491,0.27351642745979593
La Higuera,4335.0,-29.46891932,-70.99683843,Coquimbo,115.969,0.0267517877739331
Paiguano,4649.0,-30.1227768,-70.49244004,Coquimbo,94.61,0.020350613035061305
Vicuña,28047.0,-35.67514497,-71.54296465,Coquimbo,2299.426,0.08198473990088066
Illapel,32009.0,-31.781342,-70.9680122,Coquimbo,645.3480000000001,0.020161454590896313
Los Vilos,22879.0,-31.90965763,-71.51678907,Coquimbo,1466.8165,0.06411191485641854
Salamanca,27823.0,-31.77442905,-70.98830153,Coquimbo,16645.575,0.5982667217769472
Ovalle,118696.0,-30.59789679,-71.18391428,Coquimbo,28528.23425,0.24034705676686663
Combarbalá,12954.0,-31.1413769,-71.08665641,Coquimbo,596.21,0.046025165971900574
Monte Patria,29997.0,-30.69882214,-70.95329143,Coquimbo,1508.97,0.0503040304030403
Punitaqui,12076.0,-30.9872229,-71.28055661,Coquimbo,147.79,0.01223832394832726
Río Hurtado,4334.0,-30.33990951,-70.75809048,Coquimbo,108.232,0.024972773419473928
Valparaíso,284938.0,-33.04860942,-71.60382299,Valparaíso,25270.13853,0.08868644592858797
Casablanca,29876.0,-33.46917586,-71.39702855,Valparaíso,44105.3888,1.476281590574374
Concón,48294.0,-32.9792269,-71.48848096,Valparaíso,44901.884280000006,0.9297611355447883
Puchuncaví,22539.0,-32.75556034,-71.47886576,Valparaíso,106928.0618,4.744135134655486
Quintero,35754.0,-32.91396244,-71.49705375,Valparaíso,5080.043816,0.14208323029591097
Viña del Mar,334871.0,-33.02592447,-71.54747555,Valparaíso,44115.043985,0.1317374272033111
Los Andes,63440.0,-32.83616157,-70.60424077,Valparaíso,20888.567345,0.3292649329287516
Calle Larga,16597.0,-32.85825172,-70.6395388,Valparaíso,484.98,0.02922094354401398
Rinconada,11855.0,-32.92614836,-70.68082881,Valparaíso,397.987,0.03357123576549979
San Esteban,20112.0,-32.7967678,-70.5562522,Valparaíso,1344.8517,0.06686812350835322
La Ligua,39270.0,-32.45014325,-71.23561077,Valparaíso,11981.7859,0.30511295900178254
Cabildo,20015.0,-32.41656523,-71.07067454,Valparaíso,505.162,0.025239170622033475
Zapallar,7980.0,-32.63431367,-71.42348765,Valparaíso,197.724,0.024777443609022554
Quillota,96753.0,-32.89211263,-71.26273607,Valparaíso,12027.498545,0.1243113758229719
Calera,50631.0,-32.79074483,-71.19177185,Valparaíso,29244.84027,0.5776074000118505
Hijuelas,19286.0,-32.79799772,-71.14372019,Valparaíso,1884.464,0.09771150057036192
La Cruz,24939.0,-32.84544368,-71.18045515,Valparaíso,243.279,0.009754962107542403
Nogales,22136.0,-32.72256606,-71.21348643,Valparaíso,4856.113,0.21937626490784243
San Antonio,96770.0,-33.5816834,-71.6136029,Valparaíso,8761.771378,0.09054222773586855
Algarrobo,16076.0,-33.36162317,-71.66902625,Valparaíso,653.3301,0.0406400908186116
Cartagena,24599.0,-33.57188433,-71.5150485,Valparaíso,453.2773,0.018426655555103866
El Quisco,18971.0,-33.39663603,-71.69468943,Valparaíso,172.107,0.009072110062727321
El Tabo,16260.0,-33.51762303,-71.60520303,Valparaíso,269.017,0.01654471094710947
Santo Domingo,13171.0,-33.89107243,-71.63321155,Valparaíso,7851.525,0.596122162326323
San Felipe,80413.0,-32.79962448,-70.69996117,Valparaíso,10887.66979,0.13539688595127652
Catemu,13760.0,-32.79958061,-70.95446046,Valparaíso,2966.894,0.2156172965116279
Llaillay,25484.0,-32.85028848,-70.95175746,Valparaíso,1220.22243,0.047881903547323815
Panquehue,7269.0,-32.74007148,-70.76392596,Valparaíso,1902.41,0.2617155041959004
Santa María,15134.0,-32.73877273,-70.65862147,Valparaíso,3474.6920000000005,0.22959508391700809
Quilpué,162559.0,-33.04454216,-71.41806106,Valparaíso,34222.942868,0.21052628810462662
Limache,56145.0,-32.989622,-71.26558589,Valparaíso,3540.82731,0.06306576382580818
Olmué,19778.0,-32.99813496,-71.18927866,Valparaíso,227.37213,0.01149621448073617
Villa Alemana,139571.0,-33.05880996,-71.39596432,Valparaíso,5854.60897,0.041947173624893426
Santiago,438856.0,-33.44001254,-70.64817256,Metropolitana de Santiago,147098.192938491,0.3351855573092108
Cerrillos,85041.0,-33.48234897,-70.6932919,Metropolitana de Santiago,45552.1870492,0.5356497107183594
Cerro Navia,127250.0,-33.42912669,-70.72708309,Metropolitana de Santiago,6489.54599,0.050998396777996065
Conchalí,121587.0,-33.38793653,-70.69006115,Metropolitana de Santiago,30651.63228,0.25209629549211676
El Bosque,155257.0,-33.5539758,-70.67501011,Metropolitana de Santiago,12162.8968,0.07834040848399751
Estación Central,181049.0,-33.45219714,-70.68034433,Metropolitana de Santiago,63349.802027955,0.34990418079058705
Huechuraba,101808.0,-33.36622373,-70.67852809,Metropolitana de Santiago,85485.432977631,0.8396730411915665
Independencia,116943.0,-33.42520936,-70.65458227,Metropolitana de Santiago,22403.388277,0.1915752826334197
La Cisterna,103157.0,-33.5197398,-70.6592514,Metropolitana de Santiago,37417.77219,0.3627264479385791
La Florida,374836.0,-33.51047727,-70.60727437,Metropolitana de Santiago,42806.33246464,0.11420016344385278
La Granja,112022.0,-33.550359,-70.61810461,Metropolitana de Santiago,9904.69095,0.08841737292674653
La Pintana,175421.0,-33.60863713,-70.6573783,Metropolitana de Santiago,18785.41475,0.10708760496177766
La Reina,89870.0,-33.45003776,-70.55271177,Metropolitana de Santiago,8211.967335351,0.09137606915935241
Las Condes,296134.0,-33.3908833,-70.5462013,Metropolitana de Santiago,118654.72866319,0.40067918125980134
Lo Barnechea,112620.0,-33.33207274,-70.51129328,Metropolitana de Santiago,31279.6760172,0.2777453029408631
Lo Espejo,87295.0,-33.53610296,-70.69349953,Metropolitana de Santiago,1104.25817,0.012649729881436509
Lo Prado,91290.0,-33.45715007,-70.70594901,Metropolitana de Santiago,4014.40444,0.043974196954759556
Macul,123800.0,-33.48413405,-70.60455972,Metropolitana de Santiago,76684.8302612,0.619425123273021
Maipú,503635.0,-33.48135452,-70.75184865,Metropolitana de Santiago,102853.070516136,0.20422145108289932
Ñuñoa,241467.0,-33.46410463,-70.59826181,Metropolitana de Santiago,73825.473386,0.30573731974141394
Pedro Aguirre Cerda,96062.0,-33.49111742,-70.66722246,Metropolitana de Santiago,37096.44739,0.3861719242780704
Peñalolén,236478.0,-33.48216102,-70.5583843,Metropolitana de Santiago,34583.991869,0.1462461280499666
Providencia,143974.0,-33.4440771,-70.6322005,Metropolitana de Santiago,105502.205229748,0.7327865116600775
Pudahuel,227820.0,-33.42664892,-70.79300446,Metropolitana de Santiago,96138.930392928,0.4219951294571504
Quilicura,205624.0,-33.37387582,-70.71969142,Metropolitana de Santiago,286789.961849624,1.3947300016030424
Quinta Normal,129351.0,-33.43657855,-70.71648531,Metropolitana de Santiago,8220.12632,0.06354899706998786
Recoleta,154615.0,-33.41394541,-70.64237836,Metropolitana de Santiago,8260.627274,0.05342707547133202
Renca,143622.0,-33.41191626,-70.7821744,Metropolitana de Santiago,112172.29346319,0.7810244493405606
San Joaquín,95602.0,-33.48543395,-70.62728174,Metropolitana de Santiago,14226.22775,0.1488068005899458
San Miguel,150829.0,-33.4825381,-70.6455892,Metropolitana de Santiago,17632.289539100002,0.11690251569061653
San Ramón,76002.0,-33.54570794,-70.63372044,Metropolitana de Santiago,1455.58357,0.019151911397068497
Vitacura,86420.0,-33.40019493,-70.59168224,Metropolitana de Santiago,23171.56216064,0.26812731035223325
Puente Alto,568086.0,-33.6104377,-70.5738562,Metropolitana de Santiago,194336.834882613,0.3420905195386139
Pirque,29060.0,-33.73200051,-70.53766475,Metropolitana de Santiago,2234.004,0.0768755677907777
San José de Maipo,17441.0,-33.50789274,-70.20030639,Metropolitana de Santiago,12444.9555,0.7135459836018577
Colina,173293.0,-33.09390287,-70.7096112,Metropolitana de Santiago,173933.59594399997,1.0036966060025505
Lampa,145160.0,-33.284917,-70.74703,Metropolitana de Santiago,97890.209681,0.6743607721204188
Tiltil,19742.0,-33.1513545,-70.90409225,Metropolitana de Santiago,102296.643163,5.181675775655962
San Bernardo,306371.0,-33.5931429,-70.7056384,Metropolitana de Santiago,304690.419141195,0.9945145563424574
Buin,116969.0,-33.73474579,-70.73084161,Metropolitana de Santiago,69627.992017,0.5952687636638767
Calera de Tango,25491.0,-33.61212384,-70.81989012,Metropolitana de Santiago,2044.11797,0.0801897912988898
Paine,78828.0,-33.86422029,-70.83677808,Metropolitana de Santiago,21679.34903,0.2750209193433805
Melipilla,136325.0,-33.68486869,-71.21369993,Metropolitana de Santiago,41288.35672,0.3028670949569045
Alhué,7768.0,-34.09258705,-71.18903008,Metropolitana de Santiago,4677.822,0.602191297631308
Curacaví,35165.0,-33.41263545,-71.05675028,Metropolitana de Santiago,15010.650253114,0.4268633656509029
María Pinto,15352.0,-33.51705212,-71.12381036,Metropolitana de Santiago,290.808,0.018942678478374154
San Pedro,11108.0,-33.88564294,-71.39856103,Metropolitana de Santiago,64201.373,5.779741897731364
Talagante,76429.0,-33.66132418,-70.92522627,Metropolitana de Santiago,41241.993251,0.5396118391055751
El Monte,37497.0,-33.68915647,-71.04718944,Metropolitana de Santiago,62325.338289,1.6621419923993919
Isla de Maipo,39274.0,-33.74231583,-70.86250881,Metropolitana de Santiago,13777.23685,0.35079790319295207
Padre Hurtado,81243.0,-33.5727482,-70.8286021,Metropolitana de Santiago,21918.102488,0.26978450436345286
Peñaflor,94402.0,-33.60200527,-70.84730831,Metropolitana de Santiago,16090.855115,0.1704503624393551
Rancagua,257744.0,-34.15888565,-70.72735328,Libertador Gral. Bernardo O'Higgins,107169.20393,0.41579708520857905
Codegua,13955.0,-34.04307124,-70.66798006,Libertador Gral. Bernardo O'Higgins,25535.389,1.8298379792189179
Coinco,7916.0,-34.2477047,-70.91997013,Libertador Gral. Bernardo O'Higgins,352.57800000000003,0.04453991915108641
Coltauco,21373.0,-34.30927146,-71.16167501,Libertador Gral. Bernardo O'Higgins,9.452,0.0004422402096102559
Doñihue,21925.0,-34.20761831,-70.89624403,Libertador Gral. Bernardo O'Higgins,47828.8822,2.181476953249715
Graneros,35938.0,-34.07640198,-70.73050901,Libertador Gral. Bernardo O'Higgins,52033.796324,1.44787679681674
Las Cabras,27554.0,-34.09596053,-71.32197614,Libertador Gral. Bernardo O'Higgins,15521.04131,0.5632953948610002
Machalí,60875.0,-34.1827525,-70.6484967,Libertador Gral. Bernardo O'Higgins,23956.03069,0.3935282248870636
Malloa,13882.0,-34.46295391,-70.92415695,Libertador Gral. Bernardo O'Higgins,1143.654,0.08238395043941796
Mostazal,27394.0,-33.96344414,-70.7087996,Libertador Gral. Bernardo O'Higgins,78353.97032,2.8602602876542305
Olivar,13901.0,-34.20552706,-70.7636599,Libertador Gral. Bernardo O'Higgins,6995.724999999999,0.5032533630674052
Peumo,14243.0,-34.36363396,-71.19638373,Libertador Gral. Bernardo O'Higgins,1516.61829,0.10648166046478971
Pichidegua,20363.0,-34.4129932,-71.3034483,Libertador Gral. Bernardo O'Higgins,12471.264,0.6124472818347002
Quinta de Tilcoco,13558.0,-34.37538668,-70.98034707,Libertador Gral. Bernardo O'Higgins,31407.563,2.3165336332792448
Rengo,63620.0,-34.38970587,-70.85569476,Libertador Gral. Bernardo O'Higgins,91203.45568,1.433565791889343
Requínoa,29508.0,-34.29198832,-70.80923462,Libertador Gral. Bernardo O'Higgins,33841.65113,1.1468636007184492
San Vicente,49559.0,-34.45850999,-71.11398763,Libertador Gral. Bernardo O'Higgins,106805.7186,2.1551225529167253
Pichilemu,19847.0,-34.38821496,-71.98065909,Libertador Gral. Bernardo O'Higgins,716.345,0.03609336423640853
La Estrella,4609.0,-34.24477187,-71.58474914,Libertador Gral. Bernardo O'Higgins,57641.696,12.50633456281189
Litueche,8852.0,-34.00632684,-71.52659704,Libertador Gral. Bernardo O'Higgins,112.985,0.012763782196113873
Marchihue,8715.0,-34.34418401,-71.65161755,Libertador Gral. Bernardo O'Higgins,178.01999999999998,0.020426850258175557
San Fernando,75585.0,-34.58654565,-70.98517473,Libertador Gral. Bernardo O'Higgins,35057.30782,0.46381302930475626
Chépica,15668.0,-34.7069443,-71.22555437,Libertador Gral. Bernardo O'Higgins,270.249,0.017248468215471026
Chimbarongo,37258.0,-34.77061875,-71.04303566,Libertador Gral. Bernardo O'Higgins,25986.5086,0.697474598743894
Lolol,7791.0,-34.80064936,-71.68524023,Libertador Gral. Bernardo O'Higgins,1656.446,0.21261019124630984
Nancagua,18723.0,-34.67670392,-71.20550407,Libertador Gral. Bernardo O'Higgins,5387.335000000001,0.28773887731666936
Palmilla,13060.0,-34.56499721,-71.38814552,Libertador Gral. Bernardo O'Higgins,15078.142,1.1545284839203676
Peralillo,12493.0,-34.4285832,-71.50008532,Libertador Gral. Bernardo O'Higgins,2238.239,0.1791594492916033
Placilla,9438.0,-34.63568776,-71.1188238,Libertador Gral. Bernardo O'Higgins,5024.977,0.5324196863742318
Santa Cruz,41209.0,-34.63231915,-71.3860388,Libertador Gral. Bernardo O'Higgins,3221.80596,0.07818209517338445
Talca,232131.0,-35.4349312,-71.63777813,Maule,46402.1061849,0.19989620595655042
Constitución,47004.0,-35.33329815,-72.41670118,Maule,43847.653,0.9328493957961024
Curepto,9519.0,-35.08769577,-72.0309036,Maule,8.530000000000001,0.0008961025317785482
Empedrado,3990.0,-35.57702841,-72.40448018,Maule,36.687,0.009194736842105262
Maule,61081.0,-35.44137686,-71.64062096,Maule,11742.3415,0.19224212930371148
Pelarco,9229.0,-35.33382921,-71.39019759,Maule,1445.587,0.1566352800953516
Pencahue,9181.0,-35.44640718,-71.81093049,Maule,4835.034,0.526634789238645
Río Claro,14276.0,-35.2260949,-71.4171615,Maule,749.66,0.052511908097506305
San Clemente,47380.0,-35.80304933,-70.82989349,Maule,5472.612,0.11550468552131701
San Rafael,11230.0,-35.27947148,-71.54355299,Maule,548.176,0.048813535173642036
Cauquenes,42798.0,-35.96059031,-72.34045066,Maule,868.415,0.02029101827188186
Chanco,9446.0,-35.73993067,-72.54004995,Maule,4.337,0.00045913614228244756
Pelluhue,8578.0,-35.84365788,-72.63969362,Maule,12.721,0.0014829797155514106
Curicó,159968.0,-34.9838424,-71.2410553,Maule,16377.925317,0.10238250973319664
Hualañé,10775.0,-34.97473135,-71.81215187,Maule,4.265,0.0003958236658932714
Licantén,6892.0,-34.98792967,-72.02029776,Maule,11710.405,1.6991301508995937
Molina,48949.0,-35.13145458,-71.35893961,Maule,62211.15129,1.2709381456209525
Rauco,11266.0,-34.93545617,-71.32807851,Maule,58.916,0.0052295402094798505
Romeral,17233.0,-34.97714069,-71.20699327,Maule,2054.232,0.11920338884697963
Sagrada Familia,19427.0,-35.05312271,-71.32550585,Maule,30541.75885,1.5721294512791475
Teno,30113.0,-34.85616571,-71.10322398,Maule,90856.4571,3.017183844186896
Linares,96744.0,-35.8446962,-71.6087218,Maule,46895.053,0.4847334511700984
Colbún,22637.0,-35.85783352,-71.06391721,Maule,65.84195,0.0029085987542518885
Longaví,33299.0,-35.94029652,-71.67941693,Maule,367.015,0.011021802456530226
Parral,45323.0,-36.12497168,-71.80443884,Maule,1652.3290000000002,0.03645674381660526
Retiro,22310.0,-36.08557537,-71.78912534,Maule,1599.189,0.07168036754818467
San Javier,49559.0,-35.61289063,-71.73291807,Maule,8343.72301,0.16835939001997619
Villa Alegre,17919.0,-35.70812607,-71.71170106,Maule,1149.702,0.06416105809475975
Yerbas Buenas,20035.0,-35.60735526,-71.58941369,Maule,33285.740000000005,1.6613795857249816
Chillán,190382.0,-36.60197261,-72.09320754,Ñuble,39396.637,0.20693467344601907
Bulnes,23863.0,-36.7432971,-72.2981833,Ñuble,1084.483,0.04544621380379667
El Carmen,13186.0,-36.89686969,-72.04051943,Ñuble,52.637,0.003991885332928864
Pemuco,8930.0,-36.91337606,-72.34325999,Ñuble,7557.336999999999,0.84628633818589
Pinto,12502.0,-36.90304031,-71.40869702,Ñuble,27.095,0.002167253239481683
Quillón,19165.0,-36.73385684,-72.47178783,Ñuble,227.908,0.011891886250978345
San Ignacio,17405.0,-36.88709545,-72.11712571,Ñuble,23.335,0.0013407066934788855
Yungay,18680.0,-37.12201892,-72.01315931,Ñuble,2713.967,0.145287312633833
Quirihue,11746.0,-36.21726042,-72.52976253,Ñuble,16.426000000000002,0.001398433509279755
Cobquecura,5495.0,-36.12486919,-72.80045197,Ñuble,8.904,0.0016203821656050955
Coelemu,15895.0,-36.47139182,-72.70472309,Ñuble,225.152,0.014164957533815664
Ninhue,5763.0,-36.39913789,-72.39123945,Ñuble,8.674,0.0015051188617039735
Ránquil,6508.0,-36.66382881,-72.48360144,Ñuble,154379.763,23.72153703134604
San Carlos,55847.0,-36.43590142,-71.94768783,Ñuble,5401.219,0.09671457732734078
Coihueco,29766.0,-36.61637375,-71.84335266,Ñuble,58.186,0.001954780622186387
Ñiquén,12797.0,-36.22979133,-72.01346712,Ñuble,11789.59,0.9212776431976245
Concepción,230375.0,-36.82462481,-73.04500568,Biobío,151248.84924,0.6565332576885513
Coronel,123648.0,-37.0128236,-73.1585467,Biobío,88908.759,0.7190472874611802
Chiguayante,85822.0,-36.90280831,-73.02831022,Biobío,4030.953,0.04696876092377246
Florida,12958.0,-36.7890582,-72.63881382,Biobío,383.524,0.029597468745176724
Hualqui,25795.0,-36.97092337,-72.92903129,Biobío,341.48668,0.013238483427020739
Lota,39980.0,-37.08127102,-73.16337819,Biobío,1235.98209,0.03091500975487744
Penco,48971.0,-36.73199145,-72.99120038,Biobío,2636.906,0.053846276367646155
Santa Juana,14947.0,-37.18358468,-72.9449809,Biobío,7.442,0.0004978925536897037
Talcahuano,147322.0,-36.78096007,-73.0578207,Biobío,387500.96384,2.630299370358806
Tomé,56907.0,-36.72946496,-72.86376234,Biobío,23374.1453,0.4107428840037254
Hualpén,87731.0,-36.80107943,-73.07187611,Biobío,31421.46929,0.35815697176596645
Lebu,25246.0,-37.60277423,-73.65246711,Biobío,283.687,0.011236908817238375
Arauco,37163.0,-37.21707124,-73.2177903,Biobío,157639.84,4.241849151037322
Cañete,34640.0,-37.8028861,-73.4003703,Biobío,262.115,0.007566830254041571
Contulmo,5905.0,-38.00802192,-73.23077878,Biobío,5.336,0.000903640982218459
Curanilahue,31119.0,-37.43221167,-73.35296887,Biobío,877.335,0.028192904656319292
Antuco,4373.0,-37.34932502,-71.55555736,Biobío,16.599,0.0037957923622227306
Cabrero,31256.0,-37.17274039,-72.40745471,Biobío,21939.25048,0.7019212464806757
Laja,23706.0,-37.28572825,-72.71244478,Biobío,99634.925,4.20294123850502
Mulchén,29036.0,-37.70345538,-72.2594054,Biobío,4831.067,0.16638197410111585
Nacimiento,26140.0,-37.51797507,-72.65824828,Biobío,182081.368,6.965622341239479
Negrete,10723.0,-37.5581858,-72.59256124,Biobío,222.643,0.020763125990860765
Quilaco,4440.0,-37.71302013,-71.82799944,Biobío,12.755,0.002872747747747748
Quilleco,9700.0,-37.35987961,-71.86401646,Biobío,104.9895,0.010823659793814434
Santa Bárbara,14075.0,-37.71212522,-71.81618146,Biobío,656.1893500000001,0.046620912966252225
Tucapel,15729.0,-37.28853472,-71.79264697,Biobío,355.301,0.022588912200394176
Yumbel,23170.0,-37.1625,-72.5311111,Biobío,202.405,0.008735649546827795
Alto Biobío,6016.0,-37.88378186,-71.63866245,Biobío,287.872,0.04785106382978724
Temuco,292518.0,-38.71703063,-72.56569217,Araucanía,52046.48847,0.17792576344019853
Carahue,24957.0,-38.72015115,-73.17041601,Araucanía,155.825,0.006243739231478142
Cunco,19177.0,-39.06478315,-72.08664272,Araucanía,1012.902,0.05281858476299734
Curarrehue,7733.0,-39.39013925,-71.68036409,Araucanía,2054.002098,0.2656151684986422
Freire,26164.0,-38.95444835,-72.61668839,Araucanía,2239.827,0.08560720837792388
Galvarino,12710.0,-38.4161469,-72.7823935,Araucanía,71.2,0.005601888276947286
Gorbea,14148.0,-39.11192154,-72.62119708,Araucanía,155.95,0.011022759400621996
Lautaro,41936.0,-38.5242333,-72.4369176,Araucanía,6132.14494,0.14622627193819154
Loncoche,25158.0,-39.35535658,-72.63801305,Araucanía,1323.575,0.052610501629700296
Melipeuco,6796.0,-38.84751136,-71.79249661,Araucanía,1990.703583,0.2929228344614479
Nueva Imperial,33988.0,-38.76856137,-72.85791618,Araucanía,1415.847,0.04165726138637166
Padre Las Casas,80656.0,-38.76217111,-72.60450463,Araucanía,1911.5533,0.02370007562983535
Perquenco,7438.0,-38.41611198,-72.37561951,Araucanía,240.25,0.03230034955633235
Pitrufquén,27041.0,-38.9879896,-72.6352832,Araucanía,2505.46,0.0926541178210865
Pucón,32321.0,-39.27225549,-71.97762564,Araucanía,2542.62125,0.07866777791528728
Vilcún,31575.0,-38.65488057,-72.47777071,Araucanía,33493.902,1.0607728266033254
Villarrica,67737.0,-39.2812093,-72.2282496,Araucanía,10766.2201,0.1589414957851691
Cholchol,13167.0,-38.6021996,-72.8451645,Araucanía,68.4,0.005194805194805196
Angol,53022.0,-37.80272258,-72.69950321,Araucanía,185554.491,3.499575478103429
Collipulli,24303.0,-37.95850462,-72.43904554,Araucanía,301957.546,12.424702547010655
Curacautín,18536.0,-38.4315179,-71.902553,Araucanía,3088.344,0.16661329305135952
Lonquimay,10247.0,-38.46376257,-71.35551509,Araucanía,39.2,0.003825509905338148
Los Sauces,7348.0,-37.96635124,-72.82654433,Araucanía,11.5,0.0015650517147523136
Renaico,10686.0,-37.66914691,-72.58556347,Araucanía,1126.8651,0.10545247052217854
Traiguén,18873.0,-38.26128898,-72.68582876,Araucanía,229.649,0.012168123774704604
Victoria,34464.0,-38.2281414,-72.3328874,Araucanía,3196.914,0.09276096796657382
Valdivia,170043.0,-39.816452,-73.24253353,Los Ríos,29711.47387,0.17472917950165548
Corral,5501.0,-39.87753309,-73.42617459,Los Ríos,128.394,0.023340119978185785
Lanco,16876.0,-39.45181324,-72.78416552,Los Ríos,121075.011,7.174390317610809
Los Lagos,21431.0,-39.97743717,-72.51354095,Los Ríos,4822.688,0.22503326956278288
Máfil,8074.0,-39.6961991,-72.87324,Los Ríos,512.45,0.0634691602675254
Mariquina,22973.0,-39.5367933,-72.8428058,Los Ríos,47715.30584,2.0770167518391154
Paillaco,19802.0,-40.07761171,-72.8627984,Los Ríos,817.903,0.0413040601959398
Panguipulli,35098.0,-39.64363465,-72.33649418,Los Ríos,2839.548,0.08090341329990312
La Unión,38907.0,-40.29527859,-73.0793243,Los Ríos,29782.217,0.7654719459223276
Futrono,15635.0,-40.12454289,-72.3808556,Los Ríos,892.53,0.05708538535337384
Lago Ranco,10527.0,-40.38231329,-72.50261869,Los Ríos,1191.872,0.11322048066875653
Río Bueno,33363.0,-40.33134523,-72.94853761,Los Ríos,2406.29489,0.07212465575637683
Puerto Montt,277040.0,-41.45940167,-72.97460525,Los Lagos,225983.58617667,0.815707429167882
Calbuco,36474.0,-41.81416322,-73.32583838,Los Lagos,81972.61809334,2.2474260594763393
Cochamó,4199.0,-41.72472423,-72.49164057,Los Lagos,7824.89885,1.8635148487735174
Fresia,12320.0,-41.14020827,-73.40543654,Los Lagos,118.89,0.009650162337662338
Frutillar,22554.0,-41.11666961,-73.04999757,Los Lagos,556.0565,0.024654451538529753
Los Muermos,17162.0,-41.3692783,-73.51959214,Los Lagos,128.55,0.007490385735928214
Llanquihue,18088.0,-41.22971449,-73.16811121,Los Lagos,15247.5961,0.8429674977885891
Maullín,15063.0,-41.56129749,-73.5116297,Los Lagos,270.541,0.01796063201221536
Puerto Varas,52942.0,-41.3234135,-73.0038659,Los Lagos,19331.529106,0.36514542529560656
Castro,46997.0,-42.48275753,-73.76197962,Los Lagos,23280.182906,0.4953546589356767
Ancud,40949.0,-41.87206833,-73.79173064,Los Lagos,12745.611,0.31125573274072627
Chonchi,16078.0,-42.61360294,-73.79432191,Los Lagos,69965.0569,4.35160199651698
Curaco de Vélez,3662.0,-42.42886418,-73.60788871,Los Lagos,2003.243,0.5470352266521027
Dalcahue,14894.0,-42.38625795,-73.66235539,Los Lagos,44429.08962,2.9830193111319994
Puqueldón,4048.0,-42.57493881,-73.615049,Los Lagos,2079.82862,0.5137916551383399
Queilén,5690.0,-42.74997471,-73.58228493,Los Lagos,2875.69986,0.5053954059753955
Quellón,28460.0,-43.03330141,-73.55000185,Los Lagos,110285.222091,3.8750956462052004
Quemchi,8409.0,-42.14910436,-73.48311991,Los Lagos,23722.89179,2.821131144012368
Quinchao,7678.0,-42.54603705,-73.37553854,Los Lagos,6002.43257,0.7817703269080489
Osorno,166455.0,-40.57450715,-73.13191689,Los Lagos,76960.81345,0.4623520678261392
Puerto Octay,8865.0,-40.9727514,-72.58846261,Los Lagos,2426.3308,0.2736977777777778
Purranque,19542.0,-40.82846982,-73.17984244,Los Lagos,1419.0245,0.07261408760618156
Puyehue,11712.0,-40.7065613,-72.3917192,Los Lagos,3036.767,0.259286799863388
Río Negro,13874.0,-40.73566823,-73.14969015,Los Lagos,474.649,0.03421140262361251
San Juan de la Costa,7776.0,-40.28837074,-73.52926596,Los Lagos,369.484,0.047515946502057614
San Pablo,10883.0,-40.48441688,-73.0358346,Los Lagos,1239.873,0.1139275016080125
Chaitén,4025.0,-42.5612925,-72.6045598,Los Lagos,6278.8966,1.5599743105590063
Futaleufú,3062.0,-43.19213687,-71.86998706,Los Lagos,240.895,0.07867243631613324
Hualaihué,9480.0,-41.73768015,-72.69516345,Los Lagos,6459.75955,0.6814092352320675
Aysén,23170.0,-45.41421187,-73.39421965,Aysén del Gral. Carlos Ibañez del Campo,42318.14843,1.8264198718170048
Cisnes,5137.0,-44.17623582,-74.29192523,Aysén del Gral. Carlos Ibañez del Campo,25769.739555,5.01649592271754
Guaitecas,1598.0,-43.88332964,-73.75000172,Aysén del Gral. Carlos Ibañez del Campo,1660.94446,1.039389524405507
Chile Chico,4905.0,-46.5412551,-71.7247134,Aysén del Gral. Carlos Ibañez del Campo,1162.64,0.2370316004077472
Punta Arenas,132363.0,-53.163075,-70.9033806,Magallanes y de la Antártica Chilena,47818.9299993,0.3612711256113869
Río Verde,102.0,-52.66541353,-72.1771698,Magallanes y de la Antártica Chilena,2191.0476,21.48085882352941
San Gregorio,241.0,-52.39774522,-69.75749617,Magallanes y de la Antártica Chilena,1111.37,4.611493775933609
Porvenir,6809.0,-53.29065587,-70.38887225,Magallanes y de la Antártica Chilena,13434.2023,1.9730066529593187
Primavera,431.0,-52.77201703,-69.28920925,Magallanes y de la Antártica Chilena,1206.03,2.798213457076566
Natales,24152.0,-51.7585303,-72.8936236,Magallanes y de la Antártica Chilena,27564.83257,1.1413064164458429
Torres del Paine,203.0,-51.23338613,-72.97921254,Magallanes y de la Antártica Chilena,398.0,1.9605911330049262
